"id","local_account_no","local_sort_code","iban","local_tax_code"
1,"33305834","09-95-56",HR72 3447 9133 3004 6430 0,cg6866f
2,"90030297","92-24-41",PS10 XDNX O2XP KGJF OBTY 40WI TVKI G,jc4158o
3,"34312560","29-18-02",CR13 0702 2797 3738 6533 0,lg9978t
4,"05857271","66-39-73",TR18 2882 6AHE NDZU YTM4 BH4I 7D,tx0122l
5,"52528923","17-03-18",BR15 6477 7657 3885 9307 9311 942Q Q,ev7577d
6,"53251763","30-06-79",FR89 5677 9896 86JV 8YXQ TSBD M58,at2525g
7,"51220831","75-84-89",PK84 COKB VCPX 4HXR TKCJ ECVP,es7138m
8,"20250958","97-62-23",,
9,"44302327","34-51-40",,
10,"69249334","67-70-77",NL60 AWEK 9752 1116 74,ud1328m
11,"02011819","14-64-19",,
12,"03723673","26-50-28",IE35 AYJG 4910 1356 9092 27,oi6749a
13,"98280188","84-70-88",EE94 3276 7753 7467 1643,cf8469i
14,"72338114","60-62-41",CY16 1554 4337 QXLO PNKK SKI8 SPRV,sn5159e
15,"19685320","59-18-48",SI65 9507 7453 0822 349,pf3589d
16,"11770094","23-04-04",HU03 9805 8374 7615 1623 0004 7580,vp8719e
17,"72807455","98-28-44",SI28 1211 8875 5153 045,yh6748s
18,"54685540","50-07-86",CY94 4167 6314 DCIE P7JA WEBZ ZHUF,zv2846s
19,"00536107","49-51-39",FR06 5319 1111 33NF HSU1 ZE68 A44,qh8026f
20,"46990594","64-33-15",FR31 9682 6785 49ST 0NCF 72DK C42,ks5060o
21,"45098860","75-84-02",AE58 3046 2320 8921 2437 668,ut1396i
22,"59702129","26-49-81",DK27 6182 0640 8648 83,um1496p
23,"03344246","10-33-58",BH64 KCAE FPUR AM4J VD9K DA,lm7565f
24,"47830191","13-75-16",FR72 0745 3107 935O 9W1K Z1IH Z40,gk8009y
25,"68557157","28-32-90",FI25 9938 0753 7835 32,yz8921t
26,"36559878","55-02-75",BG94 TSVE 7982 26GG JA8X OH,kg6940a
27,"37977015","16-42-05",CY52 2350 3053 LO5Y UE0U IYEY MPC7,os9145m
28,"88696311","40-28-20",CH83 4489 2SEN 3ZZU XVTK W,lq2344s
29,"68721195","76-72-90",DO05 KKAM 0186 5569 5890 6480 9991,bs0416o
30,"85699879","64-97-71",FR18 4593 9172 62SG 12SR ODCH 667,ij7892l
31,"32000703","35-16-23",TR56 5535 0RVA YHLH YVHT IH7U 6E,vv5542y
32,"57148345","70-13-72",PL05 9539 9575 6564 8594 8709 9786,gr6266v
33,"21495867","54-45-77",CZ06 5965 2800 7676 3946 2676,cd1974n
34,"87231452","09-14-03",FR90 5210 6110 93DK BZOB 7PMP V89,aq2429g
35,"44801170","64-44-64",CH14 1093 7S39 6YXP W35J D,nq9651w
36,"69541141","07-40-63",AL29 6241 5113 XDFR GDEG 5T0K SVMZ,me6907z
37,"32692774","61-65-02",DO20 G9AU 2635 3367 5709 9190 2308,lc6073d
38,"24633672","73-05-89",BH68 BABC NPLX GFCA BTGC WU,ud8780w
39,"26992980","77-12-39",FR85 7723 2701 58U4 TMOS RJW2 B86,iu0620c
40,"65395994","97-33-16",FR80 1490 3244 58X2 D3MD 6QC0 H55,lw9686d
41,"11563879","10-76-02",DE54 0636 9081 0739 3960 65,ck4797d
42,"56530810","74-19-45",GT37 H8NE 2UBC KDIT DASB Y2WP ZLFW,rl7922b
43,"02331081","20-65-78",FR66 4264 7741 29HL PSBP SUMK V93,iv4051z
44,"07113401","28-56-72",AL66 3122 9146 NUSQ QGIA B74W NRST,nz4209q
45,"66676356","08-70-32",SK74 2721 5090 5027 4408 1635,bc3984z
46,"69732582","15-96-69",GR86 8208 636S ERX1 EKXO QHWB CLI,yj5952a
47,"71771345","16-05-36",NL54 SBFB 2893 8007 93,jz3529j
48,,,KZ58 855Z VO1C BQ51 FEH9,ws0436u
49,"45310292","58-57-73",,
50,"53973081","12-46-58",KZ44 346P PBWY JF9O D3EC,vy1365i
51,"86442289","77-23-79",GL04 4879 6426 6305 68,oy9873d
52,"42186920","58-65-89",,
53,"40166160","89-20-07",BR56 1118 9234 8639 1188 4546 670A U,mk3818d
54,"81107913","84-64-81",BG66 BRUD 1212 31OH TAPU 0X,kg4913z
55,"20911106","64-15-05",FR50 6617 9209 60I4 BVPA YWRY F01,iu6391y
56,"66013134","67-02-81",,
57,,,CZ44 1893 9420 3647 4702 9522,sb4622l
58,"40938815","45-20-63",BE53 3036 6365 6150,sp7751f
59,"33947492","86-96-35",PK98 WNGT TMMH MSUI QYFJ J7W3,dc5329k
60,"75789785","73-20-82",HU30 5869 0086 9381 0697 4660 3173,ti7878k
61,"95247285","75-04-61",,
62,"24235592","35-60-22",LV20 HQBO GUFC ER2D WAVR Y,kl0293i
63,,,ES50 6222 7276 9992 5773 5432,co1271c
64,"23555714","44-45-19",FR56 5331 7855 193V PXDC NRR5 Q89,ou5128e
65,"73379135","41-44-22",PT90 4578 6618 5213 5288 3114 8,ic6781t
66,"77361329","27-30-27",ME81 0311 9294 9706 9551 70,yn7442p
67,"45363970","00-83-11",CZ18 5999 8940 7955 0124 0904,ug3546p
68,"48388050","13-14-07",LV12 RVCX VRSZ 5AAS LZZP 0,zl4369k
69,"51538710","46-75-94",HR98 2557 2739 4175 9975 4,ln5193n
70,"00552514","05-63-60",BH71 CBBJ HBTB YG2G IZSC LK,lx3499e
71,"32486866","68-62-38",ES15 9272 5577 4769 1995 7740,bn0980q
72,"91784742","57-16-40",EE58 9556 1123 1326 8602,vh5947i
73,"12402307","82-48-21",FR43 5229 0923 84CD J4KO 9DS2 G22,bv3253z
74,"27175407","98-24-37",,
75,"81093304","90-43-09",SI21 8787 5740 1969 221,wx8287h
76,"70895848","42-52-52",BG66 HZGN 1278 21E0 7JSD GR,ct6935x
77,"36578857","62-81-47",AT08 2253 0100 7166 4183,st2907b
78,"78607618","99-05-88",NL22 RWCA 0005 3820 47,ej3102l
79,"55846603","59-62-45",FR84 3744 4777 34LX BEAZ 78NZ 047,lw5593w
80,"21644463","33-42-26",PK12 OUOD Z2ZO RDFQ XSMU XUJZ,it3181j
81,"15998367","34-05-60",CH54 7445 4KL5 9K8M I9XQ Y,to2208y
82,"32390552","88-20-44",EE12 0438 5007 2843 7190,vi8583l
83,"24263207","51-85-29",FR53 7855 0304 72AF TV2C VDRP R26,ge6311a
84,"57303774","35-90-70",DE63 8776 4477 8594 1623 91,ga3801z
85,"52103630","09-03-46",AL84 8617 9120 LVIC 4MHB WYE0 WDRU,uh4149k
86,"06717841","18-38-50",FR66 8102 2760 933I CNLL CRKD V31,no4262s
87,"14144030","54-49-54",AL84 1286 1759 ZUGT AQ5K 6FJV 6TSB,dt0860p
88,"46043382","24-04-30",FR18 2365 2691 04ER JXXT JS6E K37,hb6778o
89,"98780396","32-93-39",EE71 4981 0930 5744 4342,cx7754x
90,"24422179","89-84-81",SI07 2502 3426 1065 821,ip6832l
91,"51570530","89-42-81",IS13 0440 9696 3650 6280 0704 94,my6612x
92,"24791080","65-60-75",DE68 9247 8235 0913 6533 43,iv4252t
914,,,CR52 7751 7472 5020 7266 0,sw4012r
93,"02442022","32-04-71",IT37 P539 5890 550M IHJK UN9T KXV,tx2089d
94,,,FR80 3383 0093 64LY Q4F8 KTXF Y48,ht9122j
95,"58460377","46-31-82",DK45 7197 8822 6448 35,mj4106f
96,"70279717","62-52-94",FR73 1347 6157 60VL LZJ0 2MLT 235,yz1995o
97,"04385991","73-50-63",,
98,"39835255","10-79-84",FR71 3222 2218 416L UF4Z BCOR K12,pm6198z
99,"13022265","89-18-79",MC50 0497 3818 09YG UK4Q 6QU4 D66,ns1529i
100,"78184574","23-26-12",FR51 4042 1688 99CS 2TCB VKMX 108,kj7164f
101,"90435437","90-36-22",CZ32 1322 2346 3166 9108 2290,tc7425s
102,"54929632","49-59-46",FR21 8363 1777 52CS HJCS 05MF B36,uy7530j
103,"85746964","62-59-11",IT31 Y891 7702 056B FU12 KDNX O80,sw8845y
104,"17799917","03-50-43",,
105,"55569718","74-71-89",LB30 6546 3MXG 0YQD ZK69 OSDK C8LY,ep4542l
106,"98462109","65-16-57",ES55 8603 2317 3176 1448 6633,lj0085s
107,"26190648","88-17-76",HR83 3830 4215 4434 0054 8,dr0910g
108,"89140384","21-18-78",BR08 2029 9231 5050 9989 1686 138A W,sz4357z
109,"60592721","53-32-65",MT69 NMMJ 2204 7CGH ZJXR BFHS OS1G UXW,jz4771o
110,"70939446","80-18-79",SE78 9315 5228 0813 5989 9488,cm1894v
111,"41926524","91-35-58",PK85 NIVB SFOA BHVL J3SN WF0K,jx2502u
112,"76525891","28-24-41",DO15 WFGL 0155 6275 5500 8468 8196,ku5388a
113,"24066927","22-45-05",SK18 6068 9586 8448 1764 8149,vh2399r
114,"67140255","80-15-77",CY98 6459 5011 IEY6 7UYQ 750G D2VP,oc3285a
115,"91071710","50-66-51",FR38 5221 3563 89RV 5OAJ GEEL K62,gh2131a
116,"70620852","19-18-50",FI05 9876 1234 2990 31,xd0459l
117,"18033335","82-77-04",FR14 2685 5785 62WE LEGU YRPR U58,zw1066p
118,"46666020","01-27-67",ME89 8255 6784 6177 4889 12,rk2940s
119,"53879946","68-85-02",PK19 ECGS MX8D ZFQG HEXO CBX0,ku5639u
120,"80066421","26-57-08",RS42 5627 1447 5410 4045 22,si9044c
121,"95130094","02-38-48",IE02 BUGZ 4773 7033 0932 23,mt7536d
122,"63960815","42-82-57",,
123,"58986167","77-61-94",BH25 IUEP 1DRK EAVJ P8HM HB,hk4953k
124,"84731711","54-45-56",RO64 HWDH CYXP JVFY VXRR XXKG,xl4869p
125,"77210053","94-43-15",DE55 0948 0391 4606 7171 11,lo1743z
126,"88814113","25-67-68",MD29 9AHH BJYG 9EQ2 7HNP GVDA,sh5243t
127,"03151493","67-18-21",DK55 1820 6611 9198 10,ts8673z
128,"11336455","92-33-11",CR70 5557 6629 6568 3591 0,jr8629r
129,"62952558","68-14-62",VG56 ECRB 5438 7530 9721 3365,dk6866b
130,"70202322","46-62-13",TN83 8820 2078 3756 8075 4676,wl1876z
131,"36360725","95-24-82",HU66 3791 4609 7862 1439 2463 3213,kt1805a
132,"76314161","40-67-38",GE21 LK60 6224 3231 6340 41,tt6842q
133,"75646788","88-14-77",MR53 9595 4825 2802 1526 1170 258,hm6714r
134,"13769829","57-29-11",BH43 LTKT YCTC ZDAC 8ULK HZ,yi1997f
135,"83222306","85-52-18",IT31 R109 8182 7591 QKWV DXGQ MUZ,ch0290s
136,"30155120","97-79-87",ME78 5443 3978 0917 0529 05,sc6387w
137,"13863911","53-76-75",AZ69 MLIP 9BMW CU2C TX6B RWEF GWHZ,ro4947t
138,"91647979","42-51-35",FR57 4654 2429 987B EUGS OYDQ S49,sm5777a
139,"29275956","99-64-43",PL76 6859 7595 2070 6439 4963 9582,ii1045k
140,"84755180","22-66-72",FR48 6888 6619 38H6 0HLA KANU 208,yc3624i
141,"08410522","53-19-50",LT81 0939 8127 5161 1901,kj5394a
142,"71795149","06-77-03",FO30 5050 8870 1502 73,vs8622h
143,"17761084","43-59-81",PL11 1191 2375 0633 4778 4760 6453,zi3408h
144,"04734299","59-64-89",LV57 MJUO 93EV Z1YQ DVZR U,jc3526y
145,"56041537","51-54-19",GI49 OGNJ WJJC DXIE 5KIO DT7,xs0763b
146,"93141285","62-88-44",AZ32 BMSS L9JH B5IA SIMI XHQI 9IAA,nj1363y
147,,,IE90 UZTF 4405 0839 6219 12,lr1147c
148,"83871157","30-53-51",FR91 0274 7546 00EC GYRY IEBH M07,fn5130k
149,"54789826","95-11-95",LI35 6827 3EZU LZXR T6G3 M,ds1822m
150,,,BR12 3319 4188 8677 3510 8849 834B F,sm8816h
151,"19133810","03-78-25",FR43 4081 9164 47RR JZUQ XJ1F R64,pk8325e
152,"26014993","35-38-60",AT45 5976 7563 3437 1085,ig8722k
153,"77664080","48-92-21",CY54 3025 7505 CQC7 KKAO DF65 TOMS,fo4509j
154,"46522672","32-46-03",GB27 RDSG 6164 9676 6787 43,tq1869j
155,"15047501","66-59-98",GR62 6398 454I 7QPM QQO6 6TCK XA9,yp7125s
156,"08642933","25-63-19",MT23 KSQP 2573 3RJM BKHX DNDG GQGD B0N,jg8095q
157,"36224216","36-68-78",PL76 2140 7089 6781 8422 2352 7432,zh3830u
158,"74725534","01-05-48",FR89 0481 7516 75RU UTNE WWE2 S94,am1380a
159,"86733484","41-34-26",FR50 9465 9195 80UE JSWQ AMDY G11,up6428x
160,"91564765","27-57-27",MK96 410Q FFPR PPN7 U01,jo1593n
161,"03800710","25-79-48",CH35 3407 1TP6 RVRF PJID Q,ks9401p
162,"47328682","28-87-73",BE85 0343 6945 6833,xf6258k
163,"70577057","42-14-46",TN85 4560 0795 7575 8126 1093,ap9830d
164,"42905897","09-87-02",IS89 4017 4597 6392 8192 2187 70,lw2966z
165,"24372440","11-45-87",TR88 6348 4SNX AOVG SFSX D1MU WO,of7101b
166,"61650096","87-76-72",AE12 5424 5400 2794 7092 030,it5617o
167,"34934986","33-72-09",NL76 PPBE 2977 0453 91,gm2331q
168,"63133697","65-91-68",AE29 4983 2760 9333 6508 883,tw0647t
169,"76145679","88-75-88",AT45 4345 2527 9012 0287,wy6640x
170,"38539472","37-97-19",TR05 5973 3WQC 0N0A MRWW NAOK ZC,rm3174j
171,"66938908","36-41-83",FR87 0668 3984 90BV Y3Z6 P5RQ T15,wt2170z
172,"29527574","88-25-99",CR84 5969 8187 7341 6698 6,wb2380o
173,"18641968","88-86-54",FR60 8641 4306 66ZA FDNQ JKFN L91,wk3193d
174,"66830343","10-77-43",FR27 2394 0342 59IT NOR7 QCPQ G41,uq2401t
175,"33845985","46-02-31",DE65 5535 1547 4095 7999 61,np8247g
176,"74387726","09-49-24",TR61 5895 2KYA SLWP PL42 GLA4 FI,un8019f
177,"36472927","84-66-23",BR69 5287 3163 2127 4034 1901 549U Y,fp4255n
178,"74022572","79-55-32",BA35 2381 7519 3659 9330,pk4345j
179,"13008915","86-15-29",EE76 5563 0161 6832 9995,if8946g
180,"34695138","60-81-98",MC74 4969 9587 39DG QIEC PSD7 Z82,lz0960o
181,"59813580","14-78-88",FR04 7234 6650 49EB JWON CZGF Q45,zv7972m
182,"17131977","39-94-77",,
183,"04894036","19-75-57",MD78 QBMB DNCT NRZH QDYA ZB5Y,xr7177b
184,"12281588","32-78-30",LI82 7062 01JB 0IZY ZBWZ S,aa3017c
185,"81613925","04-49-01",DO33 72YO 2418 7480 7131 5933 1558,hn6134s
186,"08951153","49-29-17",SE25 4465 8633 1148 9103 4251,uw3896f
187,,,IE64 KMAF 3968 3597 4743 25,qs2163l
188,"53608979","81-55-36",MU78 OLIZ 1738 2182 3693 1910 957P BQ,xy9799s
189,"17382643","59-33-58",FR14 0614 0094 72UM FLJH QTAT X28,ou1627v
190,"62661125","65-28-74",CZ39 4374 2250 8539 2965 2645,oc5276l
191,"40067632","84-90-58",MT95 ZTLY 6833 8DIM DI86 HJM3 ZAVW 4UK,pl4457g
192,"48069617","23-78-00",TR39 3190 0PBM W00E DPDC X3MK QY,ao6382w
193,"66068132","09-72-84",VG11 TKPM 8017 9873 5708 5955,nv6150z
194,"64179422","87-61-71",CZ23 0828 4231 4306 5940 4885,bk0608d
195,"15911764","93-62-68",BG61 XJBE 5302 964Y FOYT AA,pj6319e
196,"22493614","89-38-28",IT28 L295 6313 5415 FUMR Q7CT 1EN,vl0343r
197,"02114980","94-34-78",FR56 5461 2017 426S AQMS NIUV J71,ql2590d
198,"84779918","69-16-65",PK11 VKMX 8XYP CZ7B P1NG 8E8M,kp9638o
199,"28964877","84-48-93",FR39 5104 3571 43CC TNGB PY8L 191,ir5808v
200,"39083298","04-57-16",MD11 L1XQ A01T KCGF U6WB TLG4,mt7681w
201,"29284428","85-34-32",SE75 2796 7789 6067 8496 6313,mn7888v
202,"64276327","16-39-08",SM03 G487 4616 589G R1SO JHLS XVI,tq2410h
203,"59932148","66-03-02",FI79 9309 8827 5197 23,qm8806j
204,"87764184","96-10-08",AL93 9594 1566 QZXW AGO9 FE9T 4JT6,mt3550f
205,"62734029","76-71-64",CZ84 5715 1431 1108 3496 8337,kt2877s
206,"88471072","70-34-05",MD60 92DC CRTS GVWE XEEK 64RX,pe0666t
207,"46423918","26-00-57",FR91 2276 4630 17OH XGXK BQ7E A12,aq6495c
208,,,BG09 ANBL 7313 23RW TOQL T9,ul0051h
209,"72272843","12-18-17",FR13 7790 7571 72VM CTFH ZV5V R65,pv8967b
210,"16863753","23-23-29",,
211,"35947278","84-40-51",LI37 4675 01JB UOSC QSHO R,ok1950x
212,"73618293","60-12-14",AT90 2109 9185 4778 0704,ic2715y
213,"05114263","05-77-31",GI95 NZEJ E7RO VZTQ BQ4P CAA,sq3382w
214,"68053369","40-36-51",NO22 4468 8053 874,za8357k
215,"55173166","82-90-58",RS12 7855 8641 1907 3934 82,ot6520c
216,"27186341","06-43-11",GB28 XXKP 7242 2933 1371 44,tl1642r
217,"74954232","72-93-40",MC44 2203 0249 568Z VRYC HDEJ B15,cv2406j
218,"58349120","49-85-31",HU98 8925 4051 1908 3332 4659 0745,pu7834b
219,"02473341","95-14-70",DO40 OLUB 2462 7541 1975 7147 2392,pe7497q
220,"94361574","82-95-99",HU18 4391 9000 4522 5381 7945 3308,oa0040s
221,"32793932","30-74-48",HU16 1424 0457 8273 2814 9636 2136,bl4416m
222,"90228424","94-19-85",BR19 2352 0571 7651 2301 6183 304D Q,hj4660q
223,"87204608","07-58-93",KZ58 600Q CLNU GDBF FY3F,rj0950p
224,"09026610","03-95-47",FI20 0727 6725 6814 49,ny4909x
225,"44521586","19-92-89",KZ07 621R UZT3 DJ35 UOPY,hk2002w
226,"08607664","10-78-43",MD39 JILL TEME TQZ6 GAUO AJSB,iu1708i
227,"26314710","67-86-77",HR32 8535 6423 8819 7323 9,eh1634f
228,"09277574","96-06-30",AL04 8617 5305 DHJX UG5W TRJZ TFXH,ru7043i
229,"79097417","21-15-16",HU48 6551 3387 6837 2008 7435 0612,fn1521q
230,"32369212","29-27-10",SK41 9333 0744 5523 5747 3156,uk6143x
231,"88702450","47-50-21",PT84 4628 3663 6086 6339 0343 8,df3710u
232,"55692797","68-87-64",MK11 918R KP12 RSMV 353,au8435e
233,"35001824","76-29-01",FR03 4662 3109 55LQ XRXB 2RKL G31,lg1058t
234,"41249574","73-84-59",BG89 PWBS 9366 9630 MRMB DB,dv8628x
235,"86265640","21-04-31",IT12 K207 7986 946G US7U F8DC YFV,af4201g
236,"42157802","23-75-46",IT15 N232 6873 596Z A3O3 FIDH Z2K,de3489z
237,"67098657","85-73-82",FR41 5383 9175 04ZN H87S ECRB J85,ot0221d
238,"48017064","94-56-44",,
239,"44854016","17-17-40",FR35 6532 1070 67JE GYUI CIXE E39,hh8652e
240,"60039365","91-96-75",FR21 5309 8581 15LI N9XA VSRF K17,dd6518p
241,"65405087","77-72-48",ES90 4720 6602 0325 1529 3808,hj2757e
242,"45077490","72-29-98",FR37 5370 7114 67WL GE5Y RXIN F49,yh9617y
243,"23924390","21-17-24",AD81 4739 1098 RSUT HW8M HEP2,rt2928q
244,"61243315","72-20-62",NO27 8948 4445 374,te6106l
245,,,KZ79 865A BL9R YAOC N6XE,bz3504i
246,"75744574","07-94-07",DO58 A8TM 6617 8993 1325 8943 9081,gj3287i
247,"35633738","20-57-15",LU75 758F R28V RT8B ERCO,fh8031q
248,"09429062","54-17-71",IE29 HZTS 2116 9677 4442 31,ws7958h
249,"17471589","59-70-40",HU52 4933 7792 6147 7172 6799 0887,jy4190q
250,"90414003","24-57-08",MK96 008E WTVS RIT1 D62,qi7754x
251,"10169801","92-73-13",GE57 QS34 1376 5974 3278 41,ql9671l
252,"99430916","31-51-87",CR48 9408 6045 4246 7972 5,es4839o
253,"85349964","31-42-05",FR72 2376 9430 856R SWIE 1ZAS V29,ck8872w
254,"77765708","66-29-21",MR17 9951 5595 4772 2211 2071 468,hs7162o
255,"76072430","00-55-16",FR66 6929 0126 11ZM PKC0 LN3O T36,zn4408w
256,"28858921","37-72-31",FR82 8570 6808 83YR ZPEV 2OTC L24,fx9372k
257,"35817690","56-40-01",AD25 1859 9489 8TF3 BJ1P QKK9,fq0703z
258,"87360091","11-33-34",TN02 2103 6147 3659 0738 7945,xy3169n
259,"83592560","32-20-84",,
260,"52340766","43-85-20",DK40 3415 2844 1598 74,dw0897m
261,"29638351","74-89-67",AT69 6145 9297 7370 9479,ih6978a
262,"63129480","15-35-88",FR38 8114 6642 80G4 MTVN HPUF Z92,zi5778k
263,"58703366","71-02-14",FR41 9882 3883 06HS JRM7 BX38 Y39,bd7640n
264,"39265532","18-02-99",PL21 5680 0129 5760 9101 2955 7440,xq1696f
265,"38924023","31-73-06",FR61 1633 9478 16XG 8CD5 GWN0 L31,fn3820p
266,"08761469","83-72-35",FR09 7086 7712 93EF BZ2U 7XVP Z34,pm3611a
267,,,SA94 62UO CHIK AADN URCG K5S9,lm7180g
268,"64300963","62-99-30",FI12 8226 7308 9117 32,rh1625c
269,"93782979","83-73-24",DE45 6661 6017 1268 4809 60,zr2225v
270,"79841751","17-76-56",RO94 CXKG AGB9 M8IA RN08 AA4L,wa0214y
271,"56829283","90-92-22",PL88 7953 6864 3729 3453 7322 8527,xw7387k
272,"31988845","97-91-24",BE05 1840 3971 6417,vw0441l
273,"32033808","56-28-24",PK16 CCRA Y27P UVBC 3OJK RWA9,es7009x
274,"93397583","21-54-59",FR22 4403 0395 081S XR0I 1F2G O43,qg5514f
275,"10509474","85-89-88",LU34 9923 H15H RLAH PNZK,va7475i
276,"86501851","82-58-37",RS80 6864 8421 4608 2420 81,wk4488h
277,"87585411","16-60-06",HR50 6700 4891 0129 0051 8,an9763z
278,"28931976","95-91-32",CH18 2984 9W9G Z9NU 1GTW P,ia1983s
279,"19950976","79-46-91",BH64 DLLN WSKL L0MI 5TFX Y6,xn3823s
280,"93177180","82-59-81",,
281,"93064765","61-38-86",FR66 0677 8900 96QC DBE5 COCM P20,gl5498m
282,"09809548","90-76-01",NL54 VJEF 7776 2239 36,vb9928l
283,"20847623","12-41-46",FO72 9370 7440 0413 40,xz7826a
284,"97865377","94-06-68",FR68 0514 2611 21ER F0JS GGGQ W09,ad1548s
285,"31605089","88-45-94",FR95 6855 9411 64TC NITO DA7S G97,wx0878x
286,"13723790","55-00-60",AZ21 WRBZ WTM3 QCAK U98F 0PN2 X1LB,eq7885h
287,"45569790","06-87-84",AT57 8372 1317 7976 1891,ng1643g
288,"86208249","83-12-92",,
289,"49352736","78-16-66",LV68 QJIH OHJ1 Y8PU APK8 6,gt5908d
290,"74954847","65-36-02",PT93 7680 9671 5211 4373 4431 9,qh8908u
291,"42226189","19-05-08",HR77 4629 3777 3831 6142 2,oa4433q
292,"64758724","35-60-92",VG80 VIWX 5150 6260 3225 3917,ly5410j
293,"31034842","70-38-09",,
294,"73477691","70-98-75",CY51 2815 7686 NQWT WAQP GXFA NJLD,zm0737r
295,"08904271","04-47-02",SA48 47UV R6Q8 DRLH MGBD JDRF,zn8456i
296,"06988165","99-55-89",SM15 E327 1229 599D UGUV WWW8 FAR,mc2916d
297,"22161676","23-02-69",AL69 5680 0915 TOUQ BZJ3 XXHW EIVV,dy7152r
298,"46356764","75-15-24",TR46 3382 1NDR BR1X SDZB EZHW M4,ey8115o
299,"92138245","05-79-14",KW94 KLAC JV0P YDUE QBFT DYT6 6F7I WH,xs5590l
300,"72913708","41-26-67",HR79 5217 4038 4816 6610 7,cz6798p
301,"19813566","76-63-02",EE94 8916 9902 7564 9719,dt8870u
302,"96426150","91-21-78",LI86 6146 1NDM VEZC RAN7 I,ud7841q
303,"92340751","56-03-21",TN30 6252 5946 2659 8608 3417,zs2304h
304,"36948408","74-87-00",GB87 VNYD 9732 0512 5275 10,pr8588e
305,"61259755","84-94-17",,
306,"74775965","19-82-27",PT63 9135 6095 0606 7492 9813 1,kj7979y
307,"59163302","07-52-76",FR55 1961 7696 81AW S0OK KWLD C13,kk0262p
308,"13993009","98-64-59",LB67 8982 IUTS C04U Z9RO MCJX UUGH,tl8842k
309,"31818740","48-80-92",PS16 UJIG 6I8R ZWHO DGD1 I6MO TNKI C,zw8167u
310,"13471220","22-19-68",FR55 6344 1108 08MT TKHQ ABB6 I63,dt5609n
311,"98650844","37-44-06",ES96 9922 6121 8830 7751 8311,xn5584l
312,"50951355","72-29-85",BG07 SQDX 2359 03EQ ML9Z VV,eb3606u
313,"00718109","00-92-38",AE91 4555 2823 8921 5258 127,es3453w
314,"63809038","06-51-57",BA56 9876 9444 7485 3436,if9531u
315,"98875417","08-30-01",ES64 8972 2353 3031 4843 8573,lp1618s
316,"51207175","23-87-43",NO34 5162 3733 399,an1144q
317,"19663634","59-40-76",BG14 RNCR 7477 92RB 9AOH XW,bz4084d
318,"48938144","15-42-96",BA67 4207 5350 8637 1102,wd1787y
319,"62727291","42-09-01",EE77 8534 3613 4844 6040,pn6611q
320,"71185958","90-37-42",MU25 YYSB 6635 5066 9495 4813 791Y OC,oc1462l
321,"46353250","76-80-23",FR45 0061 0212 56RW J3QR VDU4 V07,dp5852j
322,,,ME57 3159 7427 5195 3921 91,pn1715t
323,"45334455","90-07-38",GR07 6623 878C BCNN 5DYP OWMH YQX,ai5305c
324,"66691441","06-76-98",CR35 6225 4959 0106 5698 1,jo7043t
325,"59477277","69-05-93",GI95 HRCA 2LMF BKZE YOI9 K7Q,lu8939n
326,"31037737","98-61-50",ME05 4273 8021 1135 6034 58,ae7209h
327,"01871017","15-56-11",GT44 FCPC ABQK V1SY D0GN Y3FB DUCA,rx5632m
328,"39363888","30-37-67",,
329,"06933719","42-77-70",PS04 BOXR QUBQ BEWZ 4YYQ UD2P JFJN 4,bn4362w
330,"66073207","60-45-58",AZ73 DKPF LVFD JDSD OLR2 LUMP 8JJ6,fc8044h
331,"41817120","18-12-30",FR29 1767 8194 31P3 JF9F F7BH N64,zr0075a
332,"63273662","29-54-99",TR62 2817 3EWV MLIZ G9CL HXYV I9,nd3904c
333,"93172218","72-02-32",MT56 AFVJ 8293 6KFP HX4L ATNS DNBV Z7Z,ej1772i
334,"29951072","35-35-20",MT35 FEEB 6194 3SH3 Y7KG DSJU OUFN 0FK,jy4870p
335,"94698430","82-44-84",IS66 7063 5096 7021 2140 3922 71,wh3486h
336,"33327365","83-92-67",MU94 PYTD 2166 4412 6746 9773 684Y AH,ni8622v
337,"68475183","99-33-60",KZ39 637A M1RQ PC3F MVUD,pd9276o
338,"82206511","96-25-00",TN71 1200 5158 7108 9656 6260,bi8341f
339,"01305973","49-78-07",GI68 GACQ IJNG UJGU FCOW LCE,pn7623t
340,"36467570","35-07-10",AD13 5157 2719 64R0 GQYQ ZDFU,gk7190n
341,"22243406","82-42-63",SE35 0210 0659 6403 0401 7874,du2509c
342,"18836728","87-91-15",LV60 NUOU Y5NY BSZV KUHL F,my6777d
343,"61162924","61-88-46",FR86 3694 6710 586P KQXV 1Y6E 160,qf0613s
344,"50895572","60-86-56",KW16 BAHZ L0PB 6IHL PGH4 2EM9 ZBEZ WL,mx0779w
345,"45645006","24-42-03",DE41 6695 2806 7137 6387 38,wv9776a
346,"33096759","15-42-39",FR43 7421 8192 62G0 IFL5 2V33 F23,zc1672n
347,"10300567","01-95-35",AZ74 UHKJ MWXR 9EZT 80WO 699F B37L,tq5320k
348,"81961683","14-86-92",FR51 9605 4884 85WW G213 VE5V N89,sv6216t
349,"55112792","45-28-29",FI27 3927 3402 3695 13,uj9857g
350,"81513514","04-88-47",AT67 4182 5917 6417 9103,ld7232n
351,"33179177","75-30-18",LV29 WGKB AI6Y H1CZ AW23 V,pq8269o
352,"09001997","72-35-53",AL51 3692 2052 XMMA QNX3 YZU3 Y5C7,nm4613j
353,"77280385","81-56-74",,
354,"84470366","36-16-57",MR15 9103 8118 3107 8869 3860 126,vi7554o
355,"99532137","55-09-62",FR12 8958 8791 08QO HJFV YUAH D71,jj5556x
356,"30324277","24-50-93",MK86 3778 L8VK CD0V B36,jm7978p
357,"26366616","15-83-62",FR15 8762 1346 41KD 8QIG 6VPD S60,et4992a
358,,,MT86 UWKN 5636 51HL UYJF WR6U LYQW 3VV,hy8304d
359,"26067984","74-23-91",MK36 115J DO1Y MVKE D26,nz4577z
360,"31294626","49-64-98",ME84 5595 1834 6842 7841 55,xd0349a
361,"35344259","39-94-94",MD23 XKPY TYVC WG6X VYXZ XHQP,at9119t
362,"32922928","82-63-10",AD22 5745 4787 IOR8 WMPM B95G,tz7863f
363,"28832555","47-04-30",IL70 4623 1146 1395 2201 385,ph6771o
364,"48416279","28-10-57",KW38 CAVV PXWL SZPI KGJI PQ4W YQVT AE,xz2041f
365,"33065362","93-00-44",MU91 ORWI 9946 1556 7495 0036 160O KU,zg5931o
366,"92020800","52-06-47",FR71 3461 4843 079J BHLQ BUUN R82,oj7190t
367,"99173814","44-00-90",MC64 4072 5443 20FJ LRFF CGZC A44,ud0818n
368,"44537876","01-33-03",AD70 9793 3796 EMUH EYUE ASRO,pd0462b
369,"07067536","01-13-44",PT19 6910 4812 2134 6819 1908 2,ny7709c
370,"00513165","39-58-62",,
371,"83954785","08-11-10",AE42 8757 0694 9312 2472 685,wj6735f
372,"60315962","56-58-29",MC43 5616 6157 53XB ZDIU SIP1 N12,nf5655w
373,"03029760","54-16-03",LB41 6286 OPEZ GVTB RTLC L7MV GOTG,uh5584g
374,"77073541","23-69-28",PK93 DZJK PIEE 8VT1 1Q88 N68Z,lu9622l
375,"14858131","67-60-02",FR77 9489 1362 702A O8PS YMGM X49,yu4519i
376,"59641116","40-60-59",AL98 0889 6558 DVT2 YYAD EEVS B9UW,vs9332d
377,"42027942","92-91-04",MD09 3CAG ACYE RI5K WWPS V1OV,ym0855y
378,"52200508","80-04-94",DE26 0721 5365 9912 1678 82,un4829r
379,"13181896","78-94-42",,
380,"01148376","08-68-10",GT06 JCYM R5SZ KMTF FRGI SOQH 36GJ,rz8913o
381,"14527031","65-72-33",FI15 0743 6046 7115 04,pz5065f
382,"52269232","58-78-40",GI91 JJEG UUYC 5GO4 QG1C XWN,zf4411i
383,"88918142","02-60-80",SE57 5916 2387 2479 3042 9209,ag7288x
384,"88463344","04-41-84",FR28 5237 4191 19WS XJMA Q9M3 Q59,oz5169e
385,"19607279","73-49-14",FR81 5444 8158 16DH K3MB UEJM I46,ym6684z
386,"04524880","17-20-20",SI19 7335 7078 3560 398,sv8333f
387,"12065664","44-72-64",PK67 GOSX WSJC H0SC KXWJ OK9D,po0635c
388,"00683793","06-28-84",LT63 0505 0920 1330 3232,xc8106k
389,"83785201","05-39-09",IT05 D569 1569 069I HIZH MF5Y DJN,xs0845a
390,"69765247","67-57-37",PL53 4820 1010 4047 1792 0074 5777,rb9940r
391,"92364710","32-14-22",NL64 ICGH 2091 5598 14,jz2708g
392,"01054239","78-19-78",SK31 6851 0579 9368 3334 4170,ui0494z
393,"47807606","56-66-50",MK16 6572 4U5R 0AMD H41,hq0283r
394,"56703284","46-54-39",FR28 4326 3182 22RD DHA5 SYIU V16,jc8728y
395,"34491957","73-36-36",BA66 5800 0790 0705 9332,fg4602w
396,"49108796","21-23-54",AE39 8138 4263 4276 5920 791,ph2433a
397,"20317921","21-90-80",AL12 7166 2522 ZO0A GFTU 9QAP SAKT,in5288w
398,"54929163","74-23-89",EE24 0708 6351 4525 6727,mh4462a
399,"61327349","62-91-12",CH42 1198 7OIU WITG LBPO Y,rb4969t
400,"19532080","46-05-15",ES62 2207 7832 8040 8244 3513,tj4219f
401,"19097187","91-19-50",AT56 9472 8862 1489 9224,id7574s
402,"26351825","09-05-21",FR86 7904 5937 50JG ASTS AWCM V49,of5019l
403,"64557519","37-88-00",SK44 4379 8441 7294 2735 5385,wi7242c
404,"36808265","69-04-06",LT64 4768 3187 8598 8371,es6421f
405,"72504188","73-90-29",RS65 0839 7292 3906 5246 92,jc4284k
406,"36031456","70-85-25",DK51 7043 8035 9635 52,be9680d
407,"88871255","01-64-15",FR94 7132 5664 85X6 HAEX VN9E M05,yt0970m
408,"34768850","10-14-80",FR30 2309 9860 950S ZE5H WJJT I37,bq3600c
409,"20961179","88-99-34",FR44 1333 8466 42QQ E9KQ CDFW V78,gs2106l
410,"38593938","14-65-62",GB84 JVCW 2794 9840 8182 42,bb1840k
411,"03751186","27-11-38",MU03 GXXG 4632 7553 2099 0217 311T WM,cp8866w
412,"25416017","93-38-38",SM14 T534 4734 642O Z1TX DHLP G76,kb1438a
413,"58356924","96-51-55",PT93 5337 4476 9660 1801 3240 5,gq4005y
414,"21218878","63-85-39",FR58 9033 7121 54RO 12TH QSNB Y37,rt2902d
415,"78371130","98-35-89",BG16 SBOZ 6217 67OB SUZS H5,xs9190b
416,"19180274","43-30-76",NO90 9622 9384 248,aj8093j
417,"82229306","42-78-11",AE22 4273 1085 8241 9551 638,iy7728r
418,"85333264","62-63-76",GI98 CCBH AKNW NBNV DZV4 BVJ,dt5810z
419,"90875913","42-13-56",FO68 0290 0755 7646 03,cw5588t
420,"54593382","19-05-80",FR31 8704 4495 4417 OBMS HLVS P00,gb9751v
421,"28801847","24-37-43",KZ71 807E NW37 RUUG XEQK,eg8304h
422,"07177105","93-64-61",,
423,"53897079","43-74-38",SI66 2083 4051 0190 877,jr0652m
424,"97854195","61-77-72",LB48 8294 8LKL DFR7 W4ES KFZN TPVP,cx8707v
425,"62123484","30-91-17",KZ70 843O Q2ID EKKU TYVB,uq7938q
426,"21438675","22-46-20",PS42 YQAZ XWZI WKSV JMR9 CLGO QSZN F,ut5116f
427,"63825387","44-16-64",PT12 0762 3110 2244 2327 6692 9,ac6091q
428,"14497542","01-94-94",BG91 MJYM 1309 575L GIUU DF,tn6256h
429,"49187710","04-92-41",LT88 2057 5991 8656 5374,he3606s
430,"19512220","52-59-60",FR89 6288 8584 45BK ISV3 XZNX 492,ug5808a
431,"52118045","87-50-06",BA30 4901 4246 0381 7897,ht5011m
432,"01287190","75-30-73",SM33 W203 5027 911L LHNE XFGG TCD,hc5475h
433,"93457081","81-35-08",MD62 751U TU2H KJ3X WUPH QTNZ,ff5714n
434,"98136015","31-82-96",KZ30 3215 1AM6 6DQC CYKY,xd5708i
435,"06212624","17-08-16",FR78 3467 7451 6498 WZQS UOUT 847,kp1154u
436,"94371584","68-90-21",IT54 B707 8965 961K 2QBS FM2Z HA7,ze8903a
437,"00401132","36-69-41",KW14 MTIY FHN6 PLKE 4AMB 0WTX XM74 NY,jk0910n
438,"24484210","72-13-20",PS11 TEDC TSVM RRBE 7RG3 UNN7 6DM2 M,qn5303n
439,"90045870","66-07-52",NO08 9797 5772 269,dl3031h
440,"33385337","38-15-75",IE24 IJDD 1328 4561 7213 97,ai4012e
441,"81315059","94-19-80",DK31 5282 7556 0971 11,it2387n
442,"74185459","98-45-12",SI48 9899 9023 4229 168,in7043y
443,"80887235","55-56-50",AZ56 JYMV TOW7 ONNM NMTY SZW1 N1KL,wr2485i
444,"81199599","84-98-97",GE98 VC20 1224 9815 8765 04,mk1269e
445,"49510114","55-14-32",FO57 8706 1752 5264 82,cf6595b
446,"98964684","31-97-31",IS64 1706 8895 9863 4119 8428 66,wt6754x
447,"25091248","97-97-79",FR93 2236 5888 55MH CXBV IHWU Y60,xv7054u
448,"45712104","85-44-96",TR39 8038 4GWU MX1G SBDU VXA8 TV,rq6606a
449,"71494956","11-76-95",FR94 4997 3219 02OU NVSU QWZQ M40,vc2984k
450,"33790132","15-20-26",FR46 0133 9888 58BG LDOA FLEI S80,xu4930x
451,,,AE09 3494 4523 3614 3860 732,yq7835h
452,"43325475","48-77-34",BH02 TGNP MNUF 0BFH KX3D UQ,xl2089n
453,"51597813","13-09-64",FO17 6006 5703 3907 38,av6819c
454,"97001575","91-20-49",FO33 6197 1958 4430 18,oy3543v
455,"95328060","24-67-96",FR97 9783 6034 17GH KN8S 5OK0 H15,pd3120a
456,"26655213","44-59-59",AZ65 YIIN 3JAF YANP GHJL YVWO FVA2,yw8699s
457,"52247291","85-00-48",NL02 CQMV 0616 1112 95,wc5249t
458,"02967637","78-00-72",GL59 6896 4966 7819 16,zk4057s
459,"33743855","29-35-23",BG22 QQQV 6102 698U 1TWH ZZ,cg5806z
460,"87455830","50-88-83",GI18 SPBC IEDX EO8J AFOI TEU,ni4128y
461,,,SM33 E940 3253 879L GP0M RWAP QHM,ov9273j
462,"96122470","56-69-14",PS66 QQSU 7ZPD KXZM MVBV CAGF UHW8 Z,hy4770w
463,"76296246","83-33-79",CH97 2862 55WI GGXO LGPH 2,ev0431m
464,"92328727","55-46-25",IE41 UPLL 4101 7066 2136 76,ef2783u
465,"70269949","40-03-77",GT55 0ZRK HZE4 9RRO 5RPT XZBR CFTR,ud3102z
466,"87729064","45-30-68",PT12 7362 8828 4541 4029 6740 4,tu3777g
467,"65646706","73-29-60",SA91 33GU AKEU LUMY B3CQ JOYO,dj4103p
468,"67965584","95-99-48",GI91 JSNV 4WN1 NPYL BRQB T3D,er1176u
469,"24825123","00-07-37",RS74 7498 0395 4590 9216 71,lr0215i
470,"40401075","80-95-45",AL82 5971 3578 BEY9 EIM9 5NHZ SAC5,to0297r
471,"07306573","63-53-68",MU47 HJCM 1292 5801 6346 4765 071K AA,ii3854t
472,"22980456","95-74-89",RO47 ZBWU BBH7 LKWM M9JH YEDL,dg6396c
473,"11948931","12-81-58",RO43 JUPE XJYN R46B XMKP Y9YC,fd3014d
474,"34432328","97-75-68",MK76 922S BFZE 2CGZ 439,bd0059t
475,"63162304","97-13-96",PS83 NOFM KEBN 4FFU GB77 RIVB RPGC 1,ga1631h
476,"74834833","93-06-93",GR37 4214 337Z EJ3Q 4LMF P1IK LZK,ch1646q
477,"13517133","95-73-32",,
478,"39942049","96-28-45",HU95 3333 0178 9230 1198 4236 6809,pt4741g
479,"62420250","32-83-06",GB58 GVBZ 4728 9617 5578 15,ev2931h
480,"19130981","57-41-57",DE57 1845 9394 5374 7310 63,ou1247v
481,"83142093","09-19-03",FO88 4307 7741 6668 78,ux2165d
482,"20511424","37-68-37",PL66 5554 9645 9057 6206 7156 0290,gh3883w
483,"22724107","76-06-30",AD69 0851 2173 AA6Z PNNT 577L,eu8443v
484,,,KZ48 827K KI95 RMCM 10L2,nd6142d
485,"28087092","07-40-48",SI90 3653 7201 0303 647,jd4237j
486,"13148185","76-80-49",DE45 2876 4446 7318 2826 60,wt7527s
487,"39354213","16-42-60",SE39 5835 2592 1381 4251 3695,su6975t
488,"26644135","79-39-15",LU38 972X 7W3Y KXSF DWWY,ui9352v
489,"25128832","67-64-74",IS20 0930 6904 0460 1136 5442 34,zr2494x
490,"70893619","60-18-29",DK42 8587 4854 6718 87,ef4109p
491,"66379519","25-95-45",BH51 LWMB BHXF IXRQ 30WG Z4,rv6802o
492,"39517340","18-92-42",,
493,"90009285","76-71-84",GB89 PMLT 2980 4096 1105 87,bi5789q
494,"91543873","78-87-96",AE38 8050 0731 5784 0740 171,uc4250w
495,"21292845","05-15-55",SA60 86ME P1JE YWTK OK1W ZUM4,us3646y
496,,,PL08 0346 5477 7937 5447 2689 6581,xo9625v
497,"43200898","81-09-05",FI27 3659 3334 5771 23,re2109n
498,"50897702","38-80-40",FR83 6121 5327 50JY 9XWY EWP8 735,dl3904v
499,"23190181","16-14-80",GT15 TRXY GCEW 7NAL IDWF EARL KEWQ,ma3096m
500,"79901673","45-11-53",FR65 6075 2001 59YS AYYQ TPZ1 L43,gk8030i
501,"34704845","00-74-54",IL90 2768 3461 5748 1899 999,cx0270w
502,"87473808","18-42-28",TR11 0161 0JXC URKL 3GK8 8IMH EI,vm8229g
503,"56678820","92-44-57",FR65 1043 8133 97XJ EGDC PKV1 G12,kh1730f
504,"85767606","48-39-02",VG48 UAQK 5295 0632 9793 2807,nh9454d
505,,,BG52 HIIK 1779 81U9 CRZU 79,sa9051q
506,"46652053","62-31-94",BR23 4778 7956 5048 1851 9325 070J J,ug1289w
507,"12439098","14-01-09",BE74 0292 7631 1690,ja4172b
508,"97250025","50-02-70",BG17 ZGXC 3030 35LU YPO2 HT,zi7800i
509,"17609351","47-58-96",FR37 3882 0994 404Z 9FFQ ZUCO A16,kf7801i
510,"88629200","76-32-46",MC58 6702 3181 52BS ULDO KAAC U67,ug8003v
511,"57732568","36-58-93",,
512,"36554849","51-28-68",FR27 5555 7372 07EM AX1I JLL2 M65,hv2597q
513,"56938511","65-62-73",AL80 7291 0121 MAYF ZBMU 3GQH OAIA,so2136h
514,"87873943","31-38-22",ES32 7242 5867 3546 3883 3955,oc9122n
515,"04375504","52-68-82",BR82 5732 5744 2459 0214 8970 992I O,iw7837u
516,"21842161","82-05-60",DO25 0A5K 8650 7834 7291 0287 2654,jl3447t
517,"75810857","07-75-96",FI57 2386 9716 2459 71,ue0516d
518,"43347441","08-68-74",LU27 539U OSRL MZOL EWLP,og9578z
519,"33298040","12-26-40",CH80 7395 5VXI UFYX 46ER Z,en4667z
520,"61600510","76-45-01",GE12 KA43 6545 9117 9373 35,mz2015o
521,"33846611","96-25-99",BG59 WVCT 5890 08GG WBWG DE,sd7563x
522,"66573171","77-42-24",AD72 4501 1328 ALRY 52PN QFA9,ew5955o
523,"38163202","23-93-02",,
524,"57512224","00-26-92",NL59 KLQD 6518 7539 44,xs8416y
525,"49013871","80-40-41",LI20 9253 1TXF WTPJ AF2V X,cx5858o
526,"73146531","94-12-65",DE49 3814 8518 5134 4270 61,pq1948q
527,"19279255","05-51-66",NL03 DGVH 7913 0565 82,ev1304t
528,"94106854","62-26-04",SE60 5760 7578 3186 6858 6196,ag5264b
529,"33628284","44-16-80",DO69 2LK1 9577 7183 7037 9592 1674,zi1815f
530,"32206454","23-83-67",PS89 QPQZ OZ2U FGQD D9SG 7WDX FLVL D,oe6165q
531,"33007227","05-86-29",FR91 1756 0730 66PH R0SP BRDD B73,pc8973b
532,"83924088","19-21-87",HU71 2201 1987 2795 9260 4286 3830,fe6566o
533,"16958259","48-52-23",IT70 E589 8437 789H SOFC YQCV 7YF,sb2909t
534,"17306100","59-04-85",EE90 5566 9070 8987 1113,cp4708h
535,"20048667","95-27-54",KZ39 343E JIAG BOWR ZFT2,qt5145x
536,"90524990","98-41-58",FR33 2676 0839 337D UZHZ 1OLD A80,kd3595j
537,"56963461","04-03-83",FR28 3238 2656 79IV H77L DG5P 921,pb6379y
538,"07077802","09-48-42",GL44 2414 5289 1301 71,kq9892p
539,"48385033","51-43-99",ES78 2306 2081 1312 7689 7287,pp3113b
540,"32946049","79-29-08",DK13 0148 7992 4826 32,la2745n
541,"86159855","95-90-12",AD98 9856 8938 AXRC SKBL FCHT,li5646z
542,"83803938","51-31-65",BH05 DOQJ XFTC YDNS A06F R7,ok4134h
543,"58207332","99-74-74",PK23 KRTH TG4X KKHP H3NG ZS1K,yv6574z
544,"81856322","29-39-96",SA24 01KX YP4V 4GZU 3DO0 NVH6,oc0895t
545,"29322801","71-32-61",FR89 0370 7644 46EF 7FUR ZE2G W37,qk3386g
546,"22606193","70-92-35",SM83 Q150 6746 858X 7FXX 25AT EKM,vi2371i
547,"56448556","34-62-86",IE17 UXAR 3502 3497 4700 36,ux2177x
548,"35384633","80-23-89",FR69 4258 8253 82B9 LMQU 1GYJ 585,an3997m
549,"01853747","46-30-62",NO03 8132 7631 804,yk3453q
550,"57433874","44-65-12",DK29 8629 9044 2282 97,va4089j
551,"00790337","45-04-11",MR25 3958 7247 3661 3283 3208 385,vn6683d
552,"62207529","43-14-96",GT43 THHF 4W14 S2VK XDFS YEFA C362,gp4619u
553,"30067591","38-78-35",SA17 698R C68O 8NN9 SSPO XIYP,rz6445j
554,"99151417","07-93-18",GR97 3795 375C TON8 QVW4 IIHV L4Q,av5748v
555,"51387183","66-93-23",MR39 6357 1913 1008 3082 0448 709,jk8767l
556,"15416724","43-03-70",BA98 3244 7693 9037 3915,om4229u
557,"61296249","09-35-68",ME21 1057 0906 6995 5599 31,ru9591m
558,"80354346","29-14-62",PS74 DAHK UUFU 2PWN JDOS SNTE MOHX S,sh8932d
559,"63156414","84-43-70",PL09 3353 0498 8158 8009 5583 7593,ec8242m
560,"11033632","02-45-69",GI55 NSHA 11MQ LS91 EWMJ 0SF,cc6943t
561,"36265440","49-43-08",CR33 7981 8064 6659 6303 1,pz1069u
562,"14199068","31-06-15",IS80 8135 1609 3790 3353 8884 84,ya2385u
563,"11788058","49-85-62",AL10 6117 0778 C6JP B0SX SF8Z XEYG,nd4141r
564,"58840191","80-00-07",FR09 9518 7139 940A 539Z D9FL R10,hg5753i
565,,,AE28 0188 3667 6215 7717 395,mh9062q
566,"52224750","79-22-46",,
567,"09336632","71-30-71",SM46 M082 3227 946U XXZW ZRZZ AA2,rs7072w
568,"83458065","49-16-83",VG17 IXDM 8273 5543 6061 9157,to5805q
569,"11554538","29-95-87",FO17 4050 3743 3182 45,dh5530t
570,"36924687","60-86-37",FR67 8008 2033 76NR HE4T DKPQ D81,hy8531q
571,"06505235","30-16-00",SE77 9641 1560 0976 7349 3012,hb8010e
572,"10164569","89-74-99",FO21 0675 2400 7449 46,jo2303t
573,"40422315","53-26-05",SK50 9424 3436 0701 5004 2098,ux9829e
574,"06187657","83-99-18",FR66 0136 8919 92Z1 ZMAD 5ATS Z33,np2129u
575,"84333474","21-94-11",IS98 2456 3263 8375 8143 2151 22,az6374v
576,"37435409","34-97-00",,
577,"76294988","90-29-49",DE07 3944 7290 1081 8237 18,lz5754z
578,"72443748","70-28-92",FR95 8824 3207 09PT RWSV 3UTW M76,jp5416f
579,"56645939","28-02-78",IT37 W884 6429 273D WG5P OLTU N7Z,dm9062h
580,"30436009","97-51-73",HR05 7679 3609 6989 4604 7,cq1176d
581,"86545422","97-12-32",LV96 CSMQ QMFB MOSH KCBR U,ud2270w
582,"51013341","78-29-27",,
583,"56477077","56-09-60",MK82 962T 8VQ8 SMFI T57,jo0244p
584,"99260233","98-84-88",DK92 7021 0234 7189 10,tt5259t
585,"36332287","02-69-27",FR08 4588 5987 98KH AEWK HYNL J27,nl1341f
586,"33032166","25-06-93",AT29 7353 7768 4458 6348,hk9223u
587,"91578076","53-08-85",FR32 1908 1228 28MX 9NW7 TVFG Z27,cb1019m
588,"24993667","87-44-62",FR18 6227 2401 01JA IR5B VWAS B74,ry4181t
589,"61103751","80-94-13",NL91 BQIL 8488 3551 59,dc7771u
590,"19567091","29-73-47",FI49 8120 1579 6164 01,py3094m
591,"57342447","75-37-30",PL25 0725 9658 8190 1053 2748 1591,yv8125p
592,"26468618","43-18-88",SM81 D484 3188 396U RKDL QPJA BKN,iy5919g
593,"87126066","88-79-07",EE06 8608 6111 3819 5572,bq8803q
594,"30109023","85-29-24",GB88 ZEDZ 8731 7801 1724 15,nm9477k
595,"47014194","92-69-07",AZ25 RHEJ XOCN W1DK JU3Z LTBB 42CG,vs0869o
596,"43119755","26-96-95",BA97 5508 3869 6368 3726,lh2518p
597,"50116053","12-41-89",FR83 5254 9929 86HZ 3RA3 UCID P26,fj6577d
598,"58745774","27-72-26",HR80 8504 7061 5390 8262 9,ua3588w
599,"58822409","08-04-22",RS31 4795 5572 7312 3808 01,cy6674a
600,"33026368","84-04-36",FR62 2804 1288 11J9 AXSH FUIH S58,kh2104y
601,"52712594","50-02-76",IE64 KALK 8542 5015 5863 57,re1269v
602,"66905710","66-16-29",FR21 9444 2056 01DB KTUH DGY9 G60,mq3794l
603,"49673058","88-80-12",DK12 1196 4550 9761 55,kv4660v
604,"86020725","13-62-80",VG44 WFTG 2608 3893 4275 3796,uj4139t
605,"94406145","77-89-92",LU26 727Q XMDS 35AD YQYQ,ps4405v
606,"41174230","94-41-83",,
607,"94751477","25-60-61",GR48 7039 209V 4FMO Z5YW NL7E EVA,xf3834l
608,"15896044","71-56-94",FR65 5424 0857 56SJ 4ABY JHRD V00,se1827l
609,"85656139","68-67-68",GT15 OZIP ZKOB X2IN AHNY VVUS 9G6U,lt0430k
610,"82359084","47-06-99",FR17 1426 6007 30TI MNSL QAAA K54,rf2571x
611,"51358462","30-02-38",KW48 MMMQ M5C6 Q1AP OU05 UNTH RKCH UE,kd7062m
612,"85184263","54-97-02",,
613,"17644700","54-47-70",CZ19 2746 9648 4919 0790 5126,ii0271e
614,"62501020","78-64-24",SI09 7819 7515 8226 633,ah8386g
615,"76269872","50-71-49",ES96 8587 7506 1610 1815 7847,lh2304l
616,"61923029","92-09-61",FR97 1261 5868 67HW BCBW HKX1 Y12,es4804n
617,"70150329","23-51-12",GL68 1923 5619 0566 18,bg8590b
618,"97762906","16-55-79",LU07 478Y WLAK DYX9 OT2U,du8357e
619,"75242942","34-77-02",PL19 0617 3024 7878 3809 1178 9523,wa4494d
620,"92975646","21-89-23",CR63 4749 0249 9877 5621 5,bg0590a
621,"06761040","79-14-56",FR52 1785 6878 77ZA ZDCG R8ZG I16,ev6037d
622,"73559347","66-24-87",LU97 141D AQCI 8XTI R9OV,ep7807y
623,"76950706","95-06-00",FR15 1289 6121 17AC YXHC 6NF8 L78,bp8627s
624,"23261636","05-62-42",AT88 4066 0352 5322 6926,tb4132f
625,"88507231","72-33-36",PL68 7694 5740 3413 6639 3739 8713,oh6251z
626,"42432684","18-93-16",HR86 7174 2733 7118 4298 4,cw7586q
627,"20104088","86-42-69",GT63 NTML L9YR 6QFE OKU4 WQ0R JILB,kj9314n
628,"98775916","86-81-58",,
629,"50231934","45-63-35",KW91 WPBW 1AHO LTW8 YVF0 GRK0 HTZ3 ER,lb3964a
630,"91944201","62-93-55",SE88 9036 2834 1999 3649 4661,me3490q
631,"19700260","77-34-36",AD61 8303 8222 Q3J8 ZGXX CEZY,pb8221j
632,"59271995","60-05-98",HR09 4532 7673 7433 7858 6,hi3929p
633,"68425635","37-63-39",RS13 6496 8456 7425 9213 44,ql4420j
634,"59901808","01-81-48",,
635,"73355114","30-83-92",FR06 9654 3155 49PO ODDX G4LO G38,ab6968t
636,"84181443","70-82-72",SA41 82WZ IOU5 SLSO NMFM FKWQ,qf3030p
637,"94173705","31-25-68",FI91 5257 7393 0662 30,ep2855i
638,"26016334","59-63-56",FO70 7091 6663 3498 87,tz2546e
639,"24458603","96-86-87",GT06 WLMM 5BWH MDAM 7WFK 8W4Y ESZS,ww7379a
640,"61103804","23-82-11",,
641,"03721862","09-54-79",AZ55 IYUH MJ2T NQEA DXEA HVM4 ROJS,qr1930r
642,"16258088","88-93-83",FR22 2040 6347 230T TDBU DMVV S69,id2629z
643,"94603964","72-75-22",PS93 YCPZ PLAF VJXA LV5D HOM3 2AVN O,ch9968m
644,"53562022","63-75-54",FR49 3358 4182 96DR TXBE RNKJ S05,nb4610r
645,"94624614","53-87-06",SK67 9978 5048 6145 8194 9743,ce5861v
646,"09291261","52-07-19",FR17 2850 9205 29ML NCD8 Y9FA N28,bh1521g
647,"98237077","22-35-66",BE55 8332 7171 5026,sr3977p
648,,,PK80 NGOR V1QW UGFM MPCF NZZQ,jf4102r
649,"30254371","51-33-89",IE49 ZPNF 1789 7497 6747 85,in4354i
650,"44487444","32-56-84",,
651,"37984098","33-59-36",MR24 4848 5423 5218 7378 7465 102,an3368p
652,"60050390","57-91-70",MC15 4742 0811 34P0 TSDP EQEO V67,sk3487l
653,"86832224","32-67-27",GI25 YWPA V02M JCQA PVEX UVZ,op5938o
654,"96665501","40-20-78",ES47 4241 2441 5942 1690 8422,uf8265a
655,"99957239","52-90-19",LI71 8772 81GG WVPW QXZV T,ce5505s
656,"30086783","68-34-54",IL15 8748 6224 7579 9592 940,qk9260k
657,"01089420","60-64-63",LI61 3738 8BG5 WMRS TNIM Q,cw1352r
658,"14820659","45-29-38",BH49 PDYW LJ4N L2NL BJVL 0O,oo5193d
659,"90265923","53-51-71",MD92 KAYC FAVQ MKY7 2SAL MRZL,ah5146x
660,"43201811","57-42-54",MU25 MRZN 1709 2914 2988 4574 571R MK,bf3244o
661,"90863339","88-49-58",SM29 R564 9264 076H QKDD O6G4 UNW,rk6319n
662,"91504029","64-73-24",GL85 0378 6826 3029 34,fv2665l
663,"32278676","31-28-84",TR97 2127 1B99 GPWI CQLE QHQV EC,me2727h
664,"70628715","87-79-34",GT28 KUOX WEYL 2XKU SDUC IZNS 0JZW,dy0729c
665,"68858505","66-11-77",PL04 8905 8525 5583 8477 1721 3985,yf8815v
666,"42915680","98-47-95",CY80 9437 5415 7VQW BC25 3IQB ZWMU,kk9939f
667,"27961561","61-92-36",IE52 KXNR 8957 8866 7147 32,cr1299s
668,"72501414","20-61-01",HR21 2773 9594 2753 2220 1,dq2656n
669,"84706943","17-19-04",AT12 7788 4094 0327 8404,gc8977g
670,"88621759","05-19-24",AT22 6722 9618 9115 5923,wj4309a
671,"77635733","70-52-85",VG72 EQKG 7320 8485 1354 4962,vm0486y
672,"74577475","39-32-79",IT41 M749 7961 2605 LAOL XA3C AEO,lp8393l
673,"90829463","00-33-57",FR58 0613 4374 54PR COAX TDHZ F01,vx6286v
674,"32449479","85-94-37",IS60 8843 1616 5099 8070 5577 19,nn6191w
675,"04240660","40-68-69",SK86 7940 3105 5661 6611 6707,mv8309c
676,"20974259","02-20-54",SI67 1281 2345 5764 576,mf0123u
677,"82955392","46-34-93",PT21 3851 8998 9433 9939 6936 9,sz9035g
678,"19310363","18-36-96",MT71 WKYY 1219 6LWP 4TH3 LH7G BYVT GCZ,sh4876p
679,"53226020","25-15-75",HU60 2007 8449 9048 6528 5463 3796,mx5728a
680,"61349044","17-42-01",ME86 8018 7466 1289 3052 05,ss1066o
681,"99196488","36-70-01",AD93 4813 8696 PCFR ROJX 940Y,ze2406p
682,"18732653","41-63-00",LU65 226H JZ3G 4IDQ DK5Z,ya7668j
683,"35038780","96-62-96",,
684,"69141967","62-57-54",NO12 0464 6930 227,uy2779t
685,"53844392","12-73-64",MK94 312B 30LJ XMY0 S50,iv9338c
686,"54948378","42-27-57",LV67 VCVL KGD4 QVFH VPNQ 5,fb7934h
687,"55225448","13-25-99",GB41 IXTU 7235 4573 9195 88,sb4690l
688,"36915399","68-79-56",IE24 QFHT 7969 7238 6656 68,ml5108p
689,"99852918","25-15-58",FR17 8761 7783 27ZZ ZICY VFCX U95,il6369l
690,,,LB82 2964 NGXP ISRS NWWA QITZ RWAN,zk7936p
691,"39408950","72-70-95",DO93 BJWS 7554 0884 1832 8491 8409,pt0730o
692,"82674269","36-66-60",DO60 UEPF 0637 4777 3987 1916 2443,bu0985i
693,"98308643","30-33-66",MK19 135I 8GHG FBPY H14,cn2597t
694,"20142466","90-78-07",MK11 194M 3DGZ Z71H 209,qm1931k
695,"26700231","40-22-88",LB31 4298 YAB9 KOHR JMPR YD0P 5VBN,aj8199x
696,"64530451","42-03-92",ME13 9317 1777 1104 5637 20,vj1577s
697,"68381274","30-15-24",SM18 O198 4687 137N IZ5O 27EW OLF,si9522i
698,"96009869","09-45-57",FR38 1500 9036 803P R80T KDVX S86,bh0240u
699,"89276746","99-01-00",AT37 2917 2009 0803 8996,zp7141h
700,"50805811","64-90-32",CZ29 5874 1414 3759 6206 2049,az8963b
701,"33731198","22-34-10",GT95 D4Q0 0RLM XR5J N7AR GYEH RNE0,ej6553j
702,"40025472","47-27-90",GR53 8289 674W E4YI SN5E RWU6 OOV,ic8655o
703,"44511268","96-61-09",RS55 1395 8281 3608 6929 30,je1521k
704,"02353879","59-35-20",TR14 2693 6FOR THNP ZBUY MDQZ 7G,xv5604z
705,"20574168","43-94-37",FR66 0009 1338 65J0 9SBC FO2M W63,gd8673w
706,"07839965","14-39-83",CZ03 4776 0349 6490 8264 1383,cw5298e
707,"81420004","69-76-02",FO95 2210 8040 3360 87,dt9763p
708,"30731690","17-69-33",BR59 6341 8408 7373 0689 5912 213C S,gr8147b
709,"74750640","21-06-38",CZ54 4256 7005 6292 9774 9552,ls4226k
710,"68374924","61-62-45",MK93 856F MWG4 UWXL 328,ks4116f
711,"47839925","44-80-75",KZ86 936O DEIX 3JWA SYKK,kp0120m
712,"92097741","38-88-47",CY21 8672 6817 K6GN QC0L BQHL 2AHR,ha3135q
713,"16970289","60-64-69",FI37 3730 6047 6358 19,yb0685d
714,"54338827","34-27-54",CR70 7209 0196 0460 3742 5,fr1782i
715,"38963122","68-46-22",,
716,"00640039","25-10-36",BH24 FERF A3UP NDQN EKEB HK,hx7308j
717,"38952881","32-78-62",ES13 3882 7975 9748 2570 1859,ss9761w
718,"75192397","00-37-19",IL82 4162 6267 0465 7445 334,cu7269p
719,,,VG56 ZFRW 3867 2699 3958 4194,mm8363u
720,"29655062","25-12-44",MR72 8768 1749 9408 3493 6255 653,ac2974d
721,"31709990","09-18-73",FR30 3227 8054 08NS S0BZ ITAO T20,ed3687q
722,"23074098","32-24-30",CY92 3942 8838 ZV7I 1ZBY XQYE FLHI,dy4151l
723,"08370894","79-02-05",ME26 0533 1153 0963 5738 62,ug1322g
724,"20618929","84-67-20",IS51 2787 2652 8300 2961 3870 22,vl3345l
725,,,SM54 Q332 7675 381N XL1K FJGH SWO,om7752s
726,"72902225","82-43-50",LT71 5715 5818 2064 6119,vw4944q
727,"60230872","47-44-35",CH77 6379 3ZGJ HGMS SH04 K,nj3379d
728,"25712480","71-20-65",LT34 0968 4145 7646 6303,qp5606b
729,"36471252","49-59-70",GE75 BN03 6465 8108 7361 94,sp8233j
730,"35435778","88-67-44",FR62 5644 5484 54LZ XITD G6YZ Y77,yo3707a
731,"10383344","07-25-29",,
732,"61883993","93-16-06",FR26 1517 4780 90AS WXVZ ZM5Q W21,sk6791k
733,"54627067","96-94-03",CH48 1971 04QH ARZH TBZW V,wq9875f
734,"81253646","64-46-49",,
735,"86338226","79-56-23",IE92 KBZI 3020 8373 8200 10,da6808a
736,"63591348","85-26-66",MK78 107V N4OR OQI8 742,zb7775m
737,"09791728","85-64-65",SE87 2624 9327 3854 2266 3979,nm5671i
738,"51140128","18-14-81",NL12 DIWS 9837 0343 32,uo1398y
739,"27185480","00-32-77",HR34 7894 0324 4378 4705 5,yn3361r
740,"16181898","13-89-79",EE07 8564 8043 7785 1129,fz0359r
741,"98819402","44-93-03",PK79 WNMG INOC KRSJ 3MUT XHB7,zk7638i
742,"65812973","51-61-38",FR17 4090 2865 14CH QL6V ON96 Y20,tu9740l
743,"94394717","29-11-46",SI91 5176 1327 9229 744,oz4832n
744,"28647093","14-34-59",FO05 2862 6367 2434 54,du2762g
745,"81924935","14-89-31",PS79 ZJGB BZP0 7TMX 5TB7 T1FV HGBN N,ei4130m
746,"53260244","80-95-33",NO82 4751 6309 633,fy6526w
747,"30953562","65-06-69",MR25 4983 0205 8874 4187 5866 405,tj7597a
748,"97059690","67-83-08",BA77 4426 8330 2907 5317,ou8909y
749,"10678005","50-30-41",LU04 257V DUDS OG0P I8G1,bp8448d
750,"66776432","51-29-58",EE75 4472 0219 5911 5104,dg1994i
751,"93518072","68-09-75",IS85 1432 3145 7536 3193 5371 71,pg9227y
752,"48095937","08-15-36",PL78 2816 9300 4043 5258 3315 2074,fr0272x
753,"56638904","34-81-65",DO47 JFRK 0816 7412 5152 6767 1889,la4609c
754,"02500438","11-73-48",GI25 TJWB PG14 NJAF QG59 MWX,cl6607u
755,"08980879","97-68-05",RS67 3652 8973 3406 8629 93,rr4855i
756,"06389841","11-38-94",CR67 4863 1270 2572 9216 2,cn8195o
757,"91778948","24-31-79",BR87 6232 2301 8342 2879 5332 936G C,ga0780n
758,"80760233","37-61-13",FR59 1416 7591 37XB PFIW VZGO S64,qg2491n
759,"96044456","67-55-83",ME53 8190 9688 6596 6408 72,ym5652k
760,"22215728","17-97-94",IL86 6365 0958 7942 4251 768,xv5340m
761,"06297980","74-56-82",FR29 0301 9339 23PC EYEP EOBA D44,wp6232l
762,"66765752","81-00-88",FI14 7026 6179 6059 95,rc5503m
763,"87170251","89-10-00",IE50 MCLX 3897 9942 4565 87,fx3241r
764,"09895145","23-27-08",GR11 4848 935W 2GFH YDFA UN5S CSE,bk0244j
765,"93393264","59-79-50",AD54 0480 7517 ZGKF OTLS 7N6U,uy8213l
766,"43859334","95-94-78",NO72 9658 6040 186,kn5936d
767,"57506376","55-52-74",AL26 7032 1484 HBUX QE11 NNZI 4KJ9,zj5941h
768,"63531512","17-56-25",FO57 8318 4657 5515 46,kd7551a
769,"06717394","94-01-48",IL34 5948 8790 9900 5372 146,mr2233n
770,"44717406","77-62-78",FR35 9161 2967 06N2 GNBR JYSG H44,fu4813h
771,"47079930","93-14-65",FR55 1700 4537 09AC RTMN RMID I68,iv9530t
772,"59071759","71-44-23",MK75 736L MYEZ L5TA O10,kj9540x
773,"98191089","25-99-56",AT86 1766 9497 5720 4352,po4295s
774,"82456576","14-55-48",IE88 YMGO 8478 8575 7368 44,ji0469c
775,"65021256","34-35-61",FR39 0761 3291 80BE KUAM WWD7 H41,fy6772j
776,"24628396","25-37-86",,
777,"66245335","39-60-76",GR52 5057 235I M6ZX QGGG KGMW IRL,gh3621t
778,"59015362","24-62-94",DO15 NYDZ 8893 5865 8468 9446 9600,cf5902p
779,"44653105","01-58-74",FR82 3716 9929 62WN MII6 KVDX U53,vv1821f
780,"40227637","93-57-42",AD27 7327 3008 AIKY W3YJ LJXS,dw2579n
781,"59049017","79-00-81",FR73 9745 7647 74PD EZP3 XYVZ O84,ci8087j
782,"47071417","38-81-97",HR32 0662 7454 8878 6890 8,lh9651w
783,"98642742","13-49-40",BG13 PHPB 2592 53SU RZM2 BM,jp3920e
784,"70347773","13-20-33",SM93 S795 7921 174Y 2LXL NMGH YOA,av5471g
785,"91028714","44-64-45",MD77 N5AO NMFV GFGE 2088 JWDW,jy7691u
786,"36326241","38-64-34",HU98 2616 4714 6412 9084 8229 4541,im7420y
787,"88080537","53-72-65",PT89 8692 4960 9614 2069 6024 7,lt5101j
788,"59454708","55-25-00",BH93 SNWZ 0HDJ AP2N Z1TM QG,wi4044n
789,"37098473","09-46-61",,
790,"93242470","40-51-99",MT35 AVAA 4594 9R8U 5OYD MFHE KX9L W7W,cx2804v
791,"26555015","96-25-98",GL03 7895 6994 1587 15,dy1949z
792,"93214835","01-32-05",IL37 4611 6676 6818 4814 341,vn6980d
793,"31460318","77-85-66",FR93 5724 8832 62YU RIEI UMDW 479,eb8946j
794,"66598317","75-52-35",FR98 9578 1963 42ZJ Z7UT 2GSS R15,qy5647x
795,"88877438","48-06-79",DO12 RHPW 6669 7496 2379 3891 3822,ta5128d
796,"77238351","59-59-82",ES59 6308 8845 5312 8748 6946,qc4805j
797,"59606703","04-44-62",FR14 8493 9000 31XB ABGQ WS1O A16,pz3813u
798,"67919165","45-73-64",IT59 H782 7961 3387 YZSE NU2N 74G,rn3270e
799,"35660001","25-85-42",DK73 9691 9232 3326 72,vm3883q
800,,,HR39 1101 0577 5772 6620 8,he2183s
801,"99539400","01-79-52",KW67 FMRV IREW YOOJ 7ATD NCHD 78MK 6S,fw4825m
802,"32283995","61-07-79",,
803,"09705196","78-93-76",LV52 OVPF KLHL KSPN 4ATM 4,zv2891w
804,"46458860","80-18-06",CR28 3468 1588 9825 4869 7,ey9741a
805,"06644088","35-71-09",LT91 5367 6923 1050 2435,ur1163z
806,"67041782","68-77-07",NL94 QTQY 8251 2158 18,xj2428e
807,"35243092","87-92-63",BH69 PHQC Q36A FKHH 1Q9D 6F,ai5589w
808,"86991919","20-09-58",CR27 2756 5188 6230 3046 1,kf8002g
809,"22275857","00-26-58",FR82 4335 7929 63PS UBW1 SFRR 537,tr9422l
810,"27715766","13-61-06",DK22 1991 9711 0592 12,iy4586o
811,"37957108","93-99-00",MR76 8350 9330 3772 4534 3520 781,um5972a
812,"74267684","63-64-98",BE03 7128 3082 3032,kr0083l
813,"78332558","06-97-05",,
814,"51502350","41-32-30",,
815,"73439892","26-82-14",RS72 8572 0955 2938 2690 06,bj4974c
816,"51206863","17-78-91",TR59 1066 3T8S R1RI HZCH IZXX HF,vi7911v
817,"55782497","91-66-96",LV81 OHXU NOCU YGSF 5GLH T,gr1137c
818,"37637545","40-97-20",GR85 3184 691Z DAYR TLLY O7UE QJS,gi7779o
819,"04963464","31-43-93",FI43 9702 2817 6935 51,xf6852w
820,"78957448","03-84-13",,
821,"11163828","94-41-65",PL82 8599 8387 7716 2388 5981 3588,tw6269j
822,"26179873","23-63-53",GE52 XE73 3368 6373 7582 12,uc5215x
823,"48836806","15-09-70",DO52 GQ61 0287 6478 6957 2688 8731,wl6612w
824,"12762709","09-27-61",LB35 0777 GL2W BSQQ 2TOL EG46 JEQ2,pg9615q
825,"42663226","44-90-98",FR02 2418 5992 85IK ATTY 2P93 H78,lu2448u
826,"22687130","58-26-77",BR39 9416 2077 1050 1412 5604 117O N,xl3807c
827,"83546789","49-50-28",IL36 4154 0873 4729 4581 935,db7324y
828,"84630691","77-48-82",FR02 2970 4022 63EE JPOZ JYNO 847,yr3798n
829,"32395373","38-96-39",GR16 5454 818T GUDP DTRS AZWY 4HX,bp6893o
830,"67999230","68-88-62",BE43 2209 6080 1871,uy4714r
831,"36261942","87-40-58",FO41 0037 9612 6218 64,uf2180g
832,"02712053","06-85-59",NL45 CSBS 8100 5958 04,oj2984v
833,"94455519","96-83-48",SI34 8311 6584 4714 888,am3328b
834,"06558291","87-50-67",KW55 GYFL WIDH VEEI HNJD 5ZVP Q3QP KY,jk1899e
835,"23999817","80-58-07",IS43 5507 4761 0278 7515 4482 50,tf9667c
836,"58224647","17-20-65",ES07 1006 2240 7121 1408 3223,zm1078u
837,"34145089","93-18-27",LV63 IDQW QAKM J2ZE ZBIK S,wr4837c
838,"15339478","59-93-15",AE84 0793 1986 0488 5514 110,rj4929q
839,"51343544","10-01-26",,
840,"41058420","03-98-04",AL12 4854 2334 HBWW ZWGN 6TJK XNCV,yb3596j
841,"40728909","54-10-06",FR05 7617 6945 42HG 0FP6 395G J41,lb6030u
842,"89461686","53-75-62",FR22 0137 9018 63AL 82M5 LX17 K35,kv2730l
843,"92658413","44-40-98",CR07 0186 2753 7372 5597 7,ji1765t
844,"57726599","89-39-30",SI72 4827 4473 8457 974,un3093h
845,"97668108","20-69-02",KZ78 765O PDYF QPOP Z8LE,mk6541u
846,"40772080","27-74-12",FR79 8609 0992 38NC D497 XI1B L71,om8798h
847,"21937940","01-38-79",SK54 6643 4802 3664 3645 7386,bv5714e
848,"57821697","27-09-60",MT91 PYQF 3265 3RNZ EBQ6 AVTN T6BF KDJ,om3456o
849,"52120264","15-44-69",HR81 0823 0314 1563 8179 0,hu3544m
850,"81158938","05-38-80",FR39 2910 6224 75J1 CKBC IK46 V77,zv3334x
851,"80722561","54-27-47",PL14 8964 2558 3727 5250 9949 9290,az9417b
852,"15925868","79-45-74",GL54 1294 7532 1654 38,he0896s
853,"06209625","15-38-50",FR50 9803 2566 992J BREX POVO N85,vt6327x
854,"98662027","67-49-94",TN48 8376 2840 4718 1266 9327,fy7398x
855,"64139333","62-72-38",NL53 BILY 9296 8408 77,eq3009n
856,"29525681","61-24-66",BR28 1516 9093 3140 1978 5561 315G T,hw4552m
857,"02002408","79-00-07",GE46 IV39 0660 9787 7903 44,qv4119u
858,"83811365","01-94-59",BR74 2521 4113 6353 4272 9378 988R A,tb0514y
859,"47346696","44-21-11",RO62 YFRS BHFB UQKV BSM3 BNO8,ga9470r
860,"20036636","73-63-17",AZ79 NYOQ ULFX 1HIK MA1S GGJX 7GHM,hu9093h
861,"43404947","51-68-97",MT42 TDSJ 5269 4VS5 YXQO 14DC FHJR 12W,zm0050q
862,"73495962","74-04-98",HR67 9134 2005 7711 9142 6,qv3777q
863,"52593480","46-99-46",KZ24 851K MSIC TJF3 GM0V,qv2154p
864,"31643759","83-03-15",DK58 0551 1850 7886 38,gx8169o
865,"59057572","86-41-85",NO17 9006 2008 871,ni0411t
866,"62351540","70-20-99",FI12 5242 7908 9293 25,er7428l
867,"43018512","79-51-65",FR04 9040 2115 38J1 6FUK WCQE D63,cl0922n
868,"21059637","65-10-10",LB95 5279 UNHO CMSJ PKTU YVLW MM4Z,ww4887b
869,"42250201","05-24-63",PT86 0618 2570 0770 5249 0559 7,xp6598t
870,"16816633","57-45-53",RS68 9038 2135 7608 5650 64,ha5051m
871,"20957171","60-83-93",LU22 608G DWBD W9KO ZLOB,zo2936v
872,"32790030","08-67-90",GE94 NN08 2542 4409 9387 37,zc2054t
873,"68597397","46-43-83",,
874,"76746718","27-43-23",RO67 NSMS QMWZ V7YH 6FQ9 Q5IA,od6348r
875,"11809560","52-00-37",FR48 5433 0322 31BQ FYGV TAPE S68,mi1948n
876,"59087003","72-48-50",LU14 352G J294 OXLV BRIJ,kg6028v
877,"12003192","91-28-46",IS26 6379 6031 6779 4180 8174 75,ks7392m
878,"79151243","07-93-22",BE09 2871 6739 3652,hs4571h
879,"93368090","41-61-68",IT23 K288 3061 3775 AWRF OZL7 OD3,pw2456n
880,"60175529","84-60-07",AL67 0675 6347 DO4V 3OHN 9JFJ BYTP,ep0891r
881,,,FR68 5322 0259 19WE JWHU RG4Q 928,tt1052m
882,"91513279","41-66-79",,
883,"01508142","84-24-16",BG46 SLXW 6520 46UD V3OS RR,ir5094k
884,"50456381","94-85-76",IS40 3709 1496 8483 3144 3315 70,qh8685e
885,"59462108","76-72-94",FR60 6163 2504 1643 5PPW 8E3T B17,an3657c
886,"42831769","43-12-44",AZ27 SDIA VARH H8CM RKGE JQHM RJTG,wg4835w
887,"60506131","01-27-58",FR34 3180 9647 43KE WSQC 2JYG 352,qf6130e
888,"70643221","80-63-33",IS26 3141 3135 5728 3284 6480 76,ov2663n
889,"73686221","24-88-00",,
890,"13560987","37-19-49",SI42 2228 8471 8068 430,bt1527x
891,"36978789","12-58-97",FR94 6409 4264 34X3 9BYF ENR5 H54,pr8406k
892,"41682083","90-73-94",IL78 9079 3118 3240 8029 638,eo0859q
893,"57877782","35-33-46",AD35 8946 0368 P9YU QWDW RVYQ,jb2301q
894,"51043392","13-25-47",,
895,"14747565","05-36-28",,
896,"15692962","74-04-06",SK20 0701 2339 1379 1553 2349,tl1423s
897,"26432886","39-29-06",IT12 V459 4073 748J 5P7M CDQF MWY,le0335w
898,"45822403","34-04-20",IL03 7119 2430 9409 2757 127,vb5291v
899,"47704872","04-00-76",FR35 9152 7093 562Y MQNW HVJR T37,lq5156u
900,"51498904","17-57-33",BE55 6061 4557 2207,uk8616q
901,"84167615","51-82-82",MK73 445D PEQS V6OW 486,ew7320q
902,"27238616","52-09-84",SK15 9727 4974 9788 5034 5604,ak1646z
903,"30536810","16-68-62",DE71 9739 8337 7418 0856 43,nl8501t
904,"22491102","54-25-87",FR24 7844 6498 50WU JFVO BPGD U51,yk3820c
905,"95476830","79-23-67",,
906,"13747070","11-05-89",AD81 0744 9835 SGKH FXFR YRJF,ic9996g
907,"71844388","72-48-57",SA06 917M EOTQ F0DT QV4C I0VL,jl7905h
908,"61421331","30-39-14",GI42 DCFA WLHA D54N KWBU YYO,jd0188j
909,"08397753","70-35-72",FR30 0642 1757 53BL ZXHO UYLX Q68,hw4542h
910,"58647890","15-67-72",FR30 4691 4313 17Z8 8D3I HCU9 T17,wp4972s
911,"48332064","65-09-18",FR61 6656 5283 84ZX YEXW DUBT L32,tt2081m
912,"33378454","53-15-80",FR33 5215 1245 48O6 VWSC XVBS V78,rr1513z
913,"47325149","23-14-16",NO81 3330 1458 425,ru9933e
915,"73584270","72-59-59",GE34 UX04 6557 0529 2759 66,dw4734t
916,"90818197","42-07-11",GI60 NFKC QJWM 8VAX AT8U 5I2,mm1629u
917,"60157975","87-61-97",AE32 8087 6890 4831 7748 436,at5238n
918,"71542522","63-06-39",SI69 3698 1235 6915 164,st4337p
919,"97235653","94-09-20",LI39 9787 54OR A9JB FAZS C,in6748i
920,"56913270","09-63-23",MD90 7L9G RBWZ UY8K QHYN G701,vl1195k
921,"65583294","64-62-30",FR07 0216 9402 61QT UF2E PCA4 P23,fm4842a
922,"75363197","06-37-25",FR14 5960 9897 58AC Q4DQ KU5W T85,fw3268t
923,"22299829","16-70-50",AT46 6782 5217 2218 9571,zq9620c
924,"21227310","59-14-98",LU50 8341 WFCO IL2I SRUS,xz5583z
925,"68897113","75-11-30",CY06 1051 1326 TOE4 3QXH A4XM 0W5K,rg8255d
926,"43602162","27-23-94",SM04 O802 6711 541H SO9R NDLQ UPD,ja0643z
927,"28323785","61-03-14",BR93 6766 4361 9769 8848 1762 655T 5,cs0927c
928,"54082435","10-53-20",MT20 TFMM 6470 11J4 P4Q0 YTHO RUZM NYW,jt3039s
929,"46675339","21-30-93",ES95 6512 7282 3200 3457 7542,uz1637y
930,"52314136","52-17-34",BE03 1993 7074 1829,ti2125y
931,"15432108","94-84-78",FR36 0955 6578 61HI LEMT 670N 491,js0041u
932,"64092710","07-74-46",AL96 9508 5716 OX8A VYA8 ZBYH LYEQ,ex6257z
933,"62799440","61-79-07",LI12 7183 6XSL 57BO 2EFR X,sg8202g
934,"83388298","19-63-04",MR34 0035 9813 5556 1599 0844 902,bn4203y
935,"74061816","87-35-55",AT33 6046 0185 1413 1177,em5423i
936,"29342045","25-83-75",GI09 OKFZ HIPV 4WMY XDB1 MSW,ij4040r
937,"56987241","22-23-40",GL98 0148 9503 5259 01,yo7112t
938,"37236823","71-95-62",CH08 7151 5NGC EMFS AA7W Y,sh1637w
939,"36889871","13-89-99",,
940,"57913836","07-37-55",MD08 ERIR QU4U VPQT S0F3 NJYI,mu2827n
941,"33211314","11-51-16",,
942,"39075238","61-65-78",FR90 1033 0750 59BM YDSV EI7Y M62,di3425p
943,"38087066","62-54-47",IT50 J997 7488 906K 9QH5 NJJC 7XT,if7649v
944,"04083692","22-33-59",BR78 3058 5656 4659 5990 6865 775O 8,li6657f
945,"24906965","73-64-39",AD36 3652 2740 6WH4 VMTJ LBN0,xo9412s
946,"16507289","53-41-29",AZ49 JXDG PJZS AD2Y KJNL NOD9 CLYL,xt5100t
947,"89871757","96-11-51",,
948,"24157094","87-03-93",NO95 5904 0766 588,uh5659w
949,"54471885","26-21-51",LV12 MFZH G5IT HXBY ZG1E A,up7248c
950,"01981015","97-35-60",LT06 8745 3282 7426 8679,rf3885f
951,"76637423","07-43-82",SE21 8994 8516 1274 7590 8557,or3741b
952,"53705739","22-98-30",PS46 VEWC 8NI9 0GRY 44MK DRV0 L894 U,ob1612s
953,"79165684","33-00-20",LI25 4676 8H3V SYC8 TNB6 K,rc1966i
954,"41034448","71-61-33",HR48 1160 4234 4945 5657 5,kk5135f
955,"26954759","47-21-30",,
956,"61937162","42-06-26",MK89 469K KCJ8 IMCP D69,sz4530v
957,"35917517","37-91-20",IT28 E900 8064 3214 58CQ R1R8 OOR,qz6078v
958,"92184152","89-33-97",NL69 PXSQ 3952 9886 88,ms9685f
959,"65342885","44-62-53",ES53 0291 3949 5518 4717 8957,sv4492t
960,"16719983","27-20-64",PL55 7276 6678 0685 4563 3239 0428,vz5006k
961,"05125463","39-38-32",VG18 ZLAK 4580 0045 3999 2225,ef0006t
962,"34210929","70-26-77",RS70 6180 7985 8109 3345 54,om2359p
963,"94594959","16-04-99",FR56 9298 8605 19RX MKAX TMXI 364,ub9615j
964,"18479576","07-10-24",IT53 F322 9873 574Q Z4WG SRCD NBC,gq5407y
965,"35513485","76-07-49",RO25 HNDY E1NV ZCOS FRCG FGS6,oi9507o
966,"69411679","46-37-11",MR44 4374 3775 0243 2390 9425 517,jh5060r
967,"51422952","50-09-37",HR84 5371 2688 1361 2761 0,at8081u
968,"27320415","33-58-66",FR60 3655 7321 052A 0D4D JCEU K33,hq5595s
969,"42355810","88-10-20",PT19 8331 0713 5247 2933 8102 6,sb4032i
970,"98660501","03-74-07",FR66 6716 4955 19WY LFIY Y5NT O08,gh5625p
971,"99636389","36-51-42",NL30 UHDF 6343 5453 53,ye0230i
972,"91075214","56-27-78",,
973,"96163673","18-93-85",CY31 4483 6615 B6FA MWIL HCIE REWS,gq0428x
974,"05544811","77-83-45",BE84 2179 4268 0568,xu0810r
975,"66666741","88-11-97",CZ20 1773 3474 3212 7184 7006,qq6629c
976,"89570298","91-49-11",DE82 4291 9904 4686 9039 91,ba4598l
977,"80831886","91-08-85",GI40 IFQQ IAL0 SNSJ 4MBJ D5J,nu6448m
978,"95614260","18-62-29",LI25 9339 2RME R37R KBIP 3,xo2595v
979,"10681204","60-06-45",HR78 8267 3461 5235 8580 0,ib1092z
980,"42486705","76-91-36",AD13 7809 5841 N3CB FVJA MMZY,mf5225o
981,"60711530","19-32-15",PT46 2640 9070 9627 5335 3477 8,ry4912e
982,"61006247","70-42-20",DE35 7080 6677 0909 6096 25,jt3448u
983,"70552033","08-88-24",FO41 0348 1980 1445 53,af7206w
984,"75673790","50-26-01",IL54 6089 8072 3365 8383 229,af5618x
985,"49505090","89-71-22",CR52 1073 3136 3911 4205 5,ku9840v
986,"11551244","17-72-31",HR28 4421 5467 5096 7773 5,ej0519x
987,"02266929","06-08-20",MT14 GSAQ 5932 7PIA 5AMC SM3F D9VV CHG,pg9082v
988,"42686977","17-19-14",PK37 VXPU H0LK 89YC DNLL 1BDP,my4424u
989,"94012341","28-48-95",,
990,"73489271","23-90-65",CZ96 3133 2493 5272 7399 9153,qz3003o
991,"51260204","11-35-60",PL73 2472 2147 7809 0106 7814 5309,id4701t
992,"16203151","15-70-32",IS23 3198 2013 2072 0340 1262 76,hm4955c
993,"58698746","04-73-40",IS31 3211 3248 2667 6173 2006 37,zg4269s
994,"69632417","97-25-53",FR68 9694 6431 355G TIBO CS0U 079,vk8692a
995,"07162820","30-26-29",EE36 4848 0378 7838 1598,xv1241q
996,"59650915","19-00-43",FR54 6607 8738 86BI LVAJ EVCK V54,rw0213f
997,"69253954","03-75-93",TR05 8196 6ALK 9ASV 7R2X LOKL HS,ap2297u
998,"48065328","83-51-16",FR59 7042 3082 56MV PXFW KDY2 V86,wg7309q
999,"94679972","29-36-00",CR90 3039 3199 6485 2281 0,ri5185r
1000,"30521744","01-39-44",DE14 4385 2691 9006 6052 76,jb5140f
